Xindex, Description, Lowerbound, Upperbound, ScaleFactor, Value
0,j0p0MGAnDSMsEphemerisPeggedLaunchDirectInsertion: event left state epoch,5299862400,5302454400,5022642.890479,5302454400
1,j0p0MGAnDSMsEphemerisPeggedLaunchDirectInsertion: magnitude of outgoing velocity asymptote,0,7.071067811865,29.78469183517,7.071067811865
2,j0p0MGAnDSMsEphemerisPeggedLaunchDirectInsertion: RA of departure asymptote,-50.26548245744,50.26548245744,6.28318530718,-44.78726314258
3,j0p0MGAnDSMsEphemerisPeggedLaunchDirectInsertion: DEC of departure asymptote,-1.570796326795,1.570796326795,6.28318530718,-0.1640656664098
4,j0p0MGAnDSMs: phase flight time,3888001,34149600,5022642.890479,20190260.77201
5,j0p0MGAnDSMsEphemerisPeggedFlybyIn: event left state mass,1e-13,500,500,310.3377623022
6,j0p0MGAnDSMsEphemerisPeggedFlybyIn: V_infinity_x,-29.78469183517,29.78469183517,29.78469183517,5.197780522931
7,j0p0MGAnDSMsEphemerisPeggedFlybyIn: V_infinity_y,-29.78469183517,29.78469183517,29.78469183517,-7.638139806492
8,j0p0MGAnDSMsEphemerisPeggedFlybyIn: V_infinity_z,-29.78469183517,29.78469183517,29.78469183517,-4.512587083609
9,j0p0MGAnDSMs: virtual chemical fuel,0,500,500,98.5258377651
10,j0p0MGAnDSMs: virtual chemical oxidizer,0,500,500,91.13639993272
11,j0p0MGAnDSMsForwardSubPhase0: burn index,0.0001,0.9999,1,0.4501182630259
12,j0p0MGAnDSMsForwardSubPhase0: DSM x component,-10,10,10,-1.466320640771
13,j0p0MGAnDSMsForwardSubPhase0: DSM y component,-10,10,10,0.2579587423404
14,j0p0MGAnDSMsForwardSubPhase0: DSM z component,-10,10,10,0.1537390653338
15,j0p0MGAnDSMsBackwardSubPhase0: burn index,0.0001,0.9999,1,0.5498817369742
16,j0p1MGAnDSMsEphemerisPeggedUnpoweredFlyby: V_infinity_x,-29.78469183517,29.78469183517,29.78469183517,-1.375957882283
17,j0p1MGAnDSMsEphemerisPeggedUnpoweredFlyby: V_infinity_y,-29.78469183517,29.78469183517,29.78469183517,-8.797313471275
18,j0p1MGAnDSMsEphemerisPeggedUnpoweredFlyby: V_infinity_z,-29.78469183517,29.78469183517,29.78469183517,-5.141551977801
19,j0p1MGAnDSMs: phase flight time,1296001,34149600,5022642.890479,13959339.22799
20,j0p1MGAnDSMsEphemerisPeggedOrbitInsertion: event left state mass,1e-13,500,500,225.238930467
21,j0p1MGAnDSMsEphemerisPeggedOrbitInsertion: V_infinity_x,-29.78469183517,29.78469183517,29.78469183517,-0.2983179228111
22,j0p1MGAnDSMsEphemerisPeggedOrbitInsertion: V_infinity_y,-29.78469183517,29.78469183517,29.78469183517,-8.813692261039
23,j0p1MGAnDSMsEphemerisPeggedOrbitInsertion: V_infinity_z,-29.78469183517,29.78469183517,29.78469183517,-4.131763464064
24,j0p1MGAnDSMsEphemerisPeggedOrbitInsertion: virtual chemical fuel,0,500,500,95.76662814716
25,j0p1MGAnDSMsEphemerisPeggedOrbitInsertion: virtual chemical oxidizer,0,500,500,88.58413103612
26,j0p1MGAnDSMs: virtual chemical fuel,0,500,500,44.2071853689
27,j0p1MGAnDSMs: virtual chemical oxidizer,0,500,500,40.89164646622
28,j0p1MGAnDSMsForwardSubPhase0: burn index,0.0001,0.9999,1,0.1188253352698
29,j0p1MGAnDSMsForwardSubPhase0: DSM x component,-10,10,10,-0.5825339800339
30,j0p1MGAnDSMsForwardSubPhase0: DSM y component,-10,10,10,-0.7598034035822
31,j0p1MGAnDSMsForwardSubPhase0: DSM z component,-10,10,10,-0.3081065812875
32,j0p1MGAnDSMsBackwardSubPhase0: burn index,0.0001,0.9999,1,0.8811746647303
Findex, Description, Lowerbound, Upperbound, Value
0,objective function,-1e+30,1e+30,7.857179982892
1,j0p0MGAnDSMsForwardSubPhase0: maneuver epoch relative to left boundary constraint,-999.85,0,-998.9481475569
2,j0p0MGAnDSMsForwardSubPhase0: maneuver epoch relative to right boundary constraint,-999.7,0,-998.7150167056
3,j0p0MGAnDSMs: match point x,-1e-13,1e-13,-2.431288031242e-07
4,j0p0MGAnDSMs: match point y,-1e-13,1e-13,2.043855186514e-06
5,j0p0MGAnDSMs: match point z,-1e-13,1e-13,6.301100507902e-07
6,j0p0MGAnDSMs: match point xdot,-1e-13,1e-13,-7.546357065786e-06
7,j0p0MGAnDSMs: match point ydot,-1e-13,1e-13,-4.798088536404e-06
8,j0p0MGAnDSMs: match point zdot,-1e-13,1e-13,-1.757469081866e-06
9,j0p0MGAnDSMs: match point mass,-1e-13,1e-13,6.81824977346e-06
10,j0p0MGAnDSMs: match point virtual chemical fuel,-1e-13,1e-13,-3.541947886106e-06
11,j0p0MGAnDSMs: match point virtual chemical oxidizer,-1e-13,1e-13,-3.276301787082e-06
12,j0p0MGAnDSMs: burn index sum constraint,-1e-13,1e-13,9.969802761134e-14
13,j0p1MGAnDSMsEphemerisPeggedUnpoweredFlyby: flyby v-infinity magnitude match,-1e-13,1e-13,-5.076103504296e-09
14,j0p1MGAnDSMsEphemerisPeggedUnpoweredFlyby: flyby altitude constraint (above minimum altitude but below [10x/300x] altitude for [rocky/gas] planets,-20,0,2.358083196853e-07
15,j0p1MGAnDSMsEphemerisPeggedOrbitInsertion: virtual chemical fuel constraint,-1e-13,1e-13,-7.767762042477e-10
16,j0p1MGAnDSMsEphemerisPeggedOrbitInsertion: virtual chemical oxidizer constraint,-1e-13,1e-13,-7.185255128661e-10
17,j0p1MGAnDSMsEphemerisPeggedOrbitInsertion: ephemeris pegged orbit insertion Delta v,-100,0,-94.6453464194
18,j0p1MGAnDSMsForwardSubPhase0: maneuver epoch relative to left boundary constraint,-999.85,0,-999.8080181523
19,j0p1MGAnDSMs: match point x,-1e-13,1e-13,-2.524401531942e-07
20,j0p1MGAnDSMs: match point y,-1e-13,1e-13,2.462948717228e-07
21,j0p1MGAnDSMs: match point z,-1e-13,1e-13,8.323687354584e-08
22,j0p1MGAnDSMs: match point xdot,-1e-13,1e-13,-8.318163204036e-07
23,j0p1MGAnDSMs: match point ydot,-1e-13,1e-13,-7.077340192894e-07
24,j0p1MGAnDSMs: match point zdot,-1e-13,1e-13,-2.822002028535e-07
25,j0p1MGAnDSMs: match point mass,-1e-13,1e-13,4.623423850489e-07
26,j0p1MGAnDSMs: match point virtual chemical fuel,-1e-13,1e-13,-2.401780143089e-07
27,j0p1MGAnDSMs: match point virtual chemical oxidizer,-1e-13,1e-13,-2.221646706886e-07
28,j0p1MGAnDSMs: burn index sum constraint,-1e-13,1e-13,1.003641614261e-13
29,j0: journey flight time bounds,-1,0,0
30,Mission flight time bounds,0,1,1
