Xindex, Description, Lowerbound, Upperbound, ScaleFactor, Value
0,j0p0MGAnDSMsEphemerisPeggedLaunchDirectInsertion: event left state epoch,5273942400,5276534400,5022642.890479,5276534400
1,j0p0MGAnDSMsEphemerisPeggedLaunchDirectInsertion: magnitude of outgoing velocity asymptote,0,6.97,29.78469183517,6.97
2,j0p0MGAnDSMsEphemerisPeggedLaunchDirectInsertion: RA of departure asymptote,-50.26548245744,50.26548245744,6.28318530718,-41.89236428536
3,j0p0MGAnDSMsEphemerisPeggedLaunchDirectInsertion: DEC of departure asymptote,-1.570796326795,1.570796326795,6.28318530718,0.1362032966927
4,j0p0MGAnDSMs: phase flight time,3888001,34149600,5022642.890479,17397503.15217
5,j0p0MGAnDSMsEphemerisPeggedFlybyIn: event left state mass,1e-13,500,500,177.4784990395
6,j0p0MGAnDSMsEphemerisPeggedFlybyIn: V_infinity_x,-29.78469183517,29.78469183517,29.78469183517,-5.406019742863
7,j0p0MGAnDSMsEphemerisPeggedFlybyIn: V_infinity_y,-29.78469183517,29.78469183517,29.78469183517,11.53046783393
8,j0p0MGAnDSMsEphemerisPeggedFlybyIn: V_infinity_z,-29.78469183517,29.78469183517,29.78469183517,9.158293971975
9,j0p0MGAnDSMs: virtual chemical fuel,0,500,500,167.5436368626
10,j0p0MGAnDSMs: virtual chemical oxidizer,0,500,500,154.9778640979
11,j0p0MGAnDSMsForwardSubPhase0: burn index,0.0001,0.9999,1,0.4899596850505
12,j0p0MGAnDSMsForwardSubPhase0: DSM x component,-10,10,10,-1.410021841281
13,j0p0MGAnDSMsForwardSubPhase0: DSM y component,-10,10,10,2.747570307875
14,j0p0MGAnDSMsForwardSubPhase0: DSM z component,-10,10,10,1.013628363568
15,j0p0MGAnDSMsBackwardSubPhase0: burn index,0.0001,0.9999,1,0.5100403149494
16,j0p1MGAnDSMsEphemerisPeggedUnpoweredFlyby: V_infinity_x,-29.78469183517,29.78469183517,29.78469183517,-1.397886174264
17,j0p1MGAnDSMsEphemerisPeggedUnpoweredFlyby: V_infinity_y,-29.78469183517,29.78469183517,29.78469183517,13.57702479504
18,j0p1MGAnDSMsEphemerisPeggedUnpoweredFlyby: V_infinity_z,-29.78469183517,29.78469183517,29.78469183517,7.730532632871
19,j0p1MGAnDSMs: phase flight time,1296001,34149600,5022642.890479,16752096.84783
20,j0p1MGAnDSMsEphemerisPeggedOrbitInsertion: event left state mass,1e-13,500,500,177.4784990396
21,j0p1MGAnDSMsEphemerisPeggedOrbitInsertion: V_infinity_x,-29.78469183517,29.78469183517,29.78469183517,-2.917838458948
22,j0p1MGAnDSMsEphemerisPeggedOrbitInsertion: V_infinity_y,-29.78469183517,29.78469183517,29.78469183517,6.573687771647
23,j0p1MGAnDSMsEphemerisPeggedOrbitInsertion: V_infinity_z,-29.78469183517,29.78469183517,29.78469183517,3.016257983761
24,j0p1MGAnDSMsEphemerisPeggedOrbitInsertion: virtual chemical fuel,0,500,500,64.74956092431
25,j0p1MGAnDSMsEphemerisPeggedOrbitInsertion: virtual chemical oxidizer,0,500,500,59.89334385498
26,j0p1MGAnDSMs: virtual chemical fuel,0,500,500,0
27,j0p1MGAnDSMs: virtual chemical oxidizer,0,500,500,3.892248659095e-12
28,j0p1MGAnDSMsForwardSubPhase0: burn index,0.0001,0.9999,1,0.9998691825591
29,j0p1MGAnDSMsForwardSubPhase0: DSM x component,-10,10,10,2.18658683071e-05
30,j0p1MGAnDSMsForwardSubPhase0: DSM y component,-10,10,10,-6.145683211756e-05
31,j0p1MGAnDSMsForwardSubPhase0: DSM z component,-10,10,10,-2.186986407438e-05
32,j0p1MGAnDSMsBackwardSubPhase0: burn index,0.0001,0.9999,1,0.0001308174409706
Findex, Description, Lowerbound, Upperbound, Value
0,objective function,-1e+30,1e+30,7.052810032003
1,j0p0MGAnDSMsForwardSubPhase0: maneuver epoch relative to left boundary constraint,-999.85,0,-999.0134172263
2,j0p0MGAnDSMsForwardSubPhase0: maneuver epoch relative to right boundary constraint,-999.7,0,-998.9729828719
3,j0p0MGAnDSMs: match point x,-1e-13,1e-13,-8.306370347162e-07
4,j0p0MGAnDSMs: match point y,-1e-13,1e-13,7.804806543105e-07
5,j0p0MGAnDSMs: match point z,-1e-13,1e-13,1.922319547162e-07
6,j0p0MGAnDSMs: match point xdot,-1e-13,1e-13,-9.34959120409e-07
7,j0p0MGAnDSMs: match point ydot,-1e-13,1e-13,1.670846202787e-07
8,j0p0MGAnDSMs: match point zdot,-1e-13,1e-13,-5.102737371578e-08
9,j0p0MGAnDSMs: match point mass,-1e-13,1e-13,2.788164376852e-07
10,j0p0MGAnDSMs: match point virtual chemical fuel,-1e-13,1e-13,-1.448395830721e-07
11,j0p0MGAnDSMs: match point virtual chemical oxidizer,-1e-13,1e-13,-1.339766087085e-07
12,j0p0MGAnDSMs: burn index sum constraint,-1e-13,1e-13,-1.003641614261e-13
13,j0p1MGAnDSMsEphemerisPeggedUnpoweredFlyby: flyby v-infinity magnitude match,-1e-13,1e-13,-2.820801219762e-07
14,j0p1MGAnDSMsEphemerisPeggedUnpoweredFlyby: flyby altitude constraint (above minimum altitude but below [10x/300x] altitude for [rocky/gas] planets,-20,0,-0.1732877461934
15,j0p1MGAnDSMsEphemerisPeggedOrbitInsertion: virtual chemical fuel constraint,-1e-13,1e-13,-6.598186486428e-07
16,j0p1MGAnDSMsEphemerisPeggedOrbitInsertion: virtual chemical oxidizer constraint,-1e-13,1e-13,-6.103322562296e-07
17,j0p1MGAnDSMsEphemerisPeggedOrbitInsertion: ephemeris pegged orbit insertion Delta v,-100,0,-96.19760438727
18,j0p1MGAnDSMsForwardSubPhase0: maneuver epoch relative to left boundary constraint,-999.85,0,-998.0613535438
19,j0p1MGAnDSMs: match point x,-1e-13,1e-13,-1.447808941278e-06
20,j0p1MGAnDSMs: match point y,-1e-13,1e-13,4.092095852169e-06
21,j0p1MGAnDSMs: match point z,-1e-13,1e-13,1.982579622888e-06
22,j0p1MGAnDSMs: match point xdot,-1e-13,1e-13,-4.130805606608e-07
23,j0p1MGAnDSMs: match point ydot,-1e-13,1e-13,-2.215434700216e-06
24,j0p1MGAnDSMs: match point zdot,-1e-13,1e-13,-1.075033308937e-06
25,j0p1MGAnDSMs: match point mass,-1e-13,1e-13,7.781881534015e-06
26,j0p1MGAnDSMs: match point virtual chemical fuel,-1e-13,1e-13,-4.042535801114e-06
27,j0p1MGAnDSMs: match point virtual chemical oxidizer,-1e-13,1e-13,-3.739345608646e-06
28,j0p1MGAnDSMs: burn index sum constraint,-1e-13,1e-13,1.001421168212e-13
29,j0: journey flight time bounds,-1,0,0
30,Mission flight time bounds,0,1,1
