Xindex, Description, Lowerbound, Upperbound, ScaleFactor, Value
0,j0p0MGAnDSMsEphemerisPeggedLaunchDirectInsertion: event left state epoch,5273942400,5276534400,5022642.890479,5276534400
1,j0p0MGAnDSMsEphemerisPeggedLaunchDirectInsertion: magnitude of outgoing velocity asymptote,0,6.97,29.78469183517,2.369403016136
2,j0p0MGAnDSMsEphemerisPeggedLaunchDirectInsertion: RA of departure asymptote,-50.26548245744,50.26548245744,6.28318530718,46.74714832272
3,j0p0MGAnDSMsEphemerisPeggedLaunchDirectInsertion: DEC of departure asymptote,-1.570796326795,1.570796326795,6.28318530718,0.1789716178147
4,j0p0MGAnDSMs: phase flight time,3888001,34149600,5022642.890479,19101223.8558
5,j0p0MGAnDSMsEphemerisPeggedFlybyIn: event left state mass,1e-13,500,500,106.3587222869
6,j0p0MGAnDSMsEphemerisPeggedFlybyIn: V_infinity_x,-29.78469183517,29.78469183517,29.78469183517,-9.813688045167
7,j0p0MGAnDSMsEphemerisPeggedFlybyIn: V_infinity_y,-29.78469183517,29.78469183517,29.78469183517,7.220010723256
8,j0p0MGAnDSMsEphemerisPeggedFlybyIn: V_infinity_z,-29.78469183517,29.78469183517,29.78469183517,5.330509023155
9,j0p0MGAnDSMs: virtual chemical fuel,0,500,500,204.4889754354
10,j0p0MGAnDSMs: virtual chemical oxidizer,0,500,500,189.1523022777
11,j0p0MGAnDSMsForwardSubPhase0: burn index,0.0001,0.9999,1,0.4285845222774
12,j0p0MGAnDSMsForwardSubPhase0: DSM x component,-10,10,10,-3.086004810642
13,j0p0MGAnDSMsForwardSubPhase0: DSM y component,-10,10,10,3.735876628916
14,j0p0MGAnDSMsForwardSubPhase0: DSM z component,-10,10,10,0.3344535761391
15,j0p0MGAnDSMsBackwardSubPhase0: burn index,0.0001,0.9999,1,0.5714154777225
16,j0p1MGAnDSMsEphemerisPeggedUnpoweredFlyby: V_infinity_x,-29.78469183517,29.78469183517,29.78469183517,-5.056554025514
17,j0p1MGAnDSMsEphemerisPeggedUnpoweredFlyby: V_infinity_y,-29.78469183517,29.78469183517,29.78469183517,8.850590178278
18,j0p1MGAnDSMsEphemerisPeggedUnpoweredFlyby: V_infinity_z,-29.78469183517,29.78469183517,29.78469183517,8.541057926259
19,j0p1MGAnDSMs: phase flight time,1296001,34149600,5022642.890479,15048376.1442
20,j0p1MGAnDSMsEphemerisPeggedOrbitInsertion: event left state mass,1e-13,500,500,106.358722287
21,j0p1MGAnDSMsEphemerisPeggedOrbitInsertion: V_infinity_x,-29.78469183517,29.78469183517,29.78469183517,-5.713437272156
22,j0p1MGAnDSMsEphemerisPeggedOrbitInsertion: V_infinity_y,-29.78469183517,29.78469183517,29.78469183517,7.341636821651
23,j0p1MGAnDSMsEphemerisPeggedOrbitInsertion: V_infinity_z,-29.78469183517,29.78469183517,29.78469183517,2.135146723092
24,j0p1MGAnDSMsEphemerisPeggedOrbitInsertion: virtual chemical fuel,0,500,500,44.69517836409
25,j0p1MGAnDSMsEphemerisPeggedOrbitInsertion: virtual chemical oxidizer,0,500,500,41.34303998678
26,j0p1MGAnDSMs: virtual chemical fuel,0,500,500,0
27,j0p1MGAnDSMs: virtual chemical oxidizer,0,500,500,-9.60487714415e-11
28,j0p1MGAnDSMsForwardSubPhase0: burn index,0.0001,0.9999,1,0.5350529525886
29,j0p1MGAnDSMsForwardSubPhase0: DSM x component,-10,10,10,-8.651036868201e-06
30,j0p1MGAnDSMsForwardSubPhase0: DSM y component,-10,10,10,-2.014099401926e-05
31,j0p1MGAnDSMsForwardSubPhase0: DSM z component,-10,10,10,3.072031411477e-06
32,j0p1MGAnDSMsBackwardSubPhase0: burn index,0.0001,0.9999,1,0.4649470474115
Findex, Description, Lowerbound, Upperbound, Value
0,objective function,-1e+30,1e+30,12.42078071249
1,j0p0MGAnDSMsForwardSubPhase0: maneuver epoch relative to left boundary constraint,-999.85,0,-999.0524897105
2,j0p0MGAnDSMsForwardSubPhase0: maneuver epoch relative to right boundary constraint,-999.7,0,-998.7367204914
3,j0p0MGAnDSMs: match point x,-1e-13,1e-13,-1.327928327083e-06
4,j0p0MGAnDSMs: match point y,-1e-13,1e-13,-1.638414071784e-06
5,j0p0MGAnDSMs: match point z,-1e-13,1e-13,6.04170400394e-07
6,j0p0MGAnDSMs: match point xdot,-1e-13,1e-13,-6.087075906399e-06
7,j0p0MGAnDSMs: match point ydot,-1e-13,1e-13,-6.283676876964e-08
8,j0p0MGAnDSMs: match point zdot,-1e-13,1e-13,-2.547458055833e-07
9,j0p0MGAnDSMs: match point mass,-1e-13,1e-13,6.078327498926e-08
10,j0p0MGAnDSMs: match point virtual chemical fuel,-1e-13,1e-13,-3.157567925882e-08
11,j0p0MGAnDSMs: match point virtual chemical oxidizer,-1e-13,1e-13,-2.920749579971e-08
12,j0p0MGAnDSMs: burn index sum constraint,-1e-13,1e-13,-1.001421168212e-13
13,j0p1MGAnDSMsEphemerisPeggedUnpoweredFlyby: flyby v-infinity magnitude match,-1e-13,1e-13,1.614244196731e-09
14,j0p1MGAnDSMsEphemerisPeggedUnpoweredFlyby: flyby altitude constraint (above minimum altitude but below [10x/300x] altitude for [rocky/gas] planets,-20,0,1.462704182754e-08
15,j0p1MGAnDSMsEphemerisPeggedOrbitInsertion: virtual chemical fuel constraint,-1e-13,1e-13,-4.955892961789e-09
16,j0p1MGAnDSMsEphemerisPeggedOrbitInsertion: virtual chemical oxidizer constraint,-1e-13,1e-13,-4.584208426195e-09
17,j0p1MGAnDSMsEphemerisPeggedOrbitInsertion: ephemeris pegged orbit insertion Delta v,-100,0,-94.80581018297
18,j0p1MGAnDSMsForwardSubPhase0: maneuver epoch relative to left boundary constraint,-999.85,0,-999.0680928139
19,j0p1MGAnDSMs: match point x,-1e-13,1e-13,1.513262845941e-09
20,j0p1MGAnDSMs: match point y,-1e-13,1e-13,1.397782083738e-09
21,j0p1MGAnDSMs: match point z,-1e-13,1e-13,-6.570377559171e-09
22,j0p1MGAnDSMs: match point xdot,-1e-13,1e-13,-8.801958589793e-11
23,j0p1MGAnDSMs: match point ydot,-1e-13,1e-13,6.393067655295e-10
24,j0p1MGAnDSMs: match point zdot,-1e-13,1e-13,-1.144941653719e-09
25,j0p1MGAnDSMs: match point mass,-1e-13,1e-13,1.500380211382e-06
26,j0p1MGAnDSMs: match point virtual chemical fuel,-1e-13,1e-13,-7.794181397003e-07
27,j0p1MGAnDSMs: match point virtual chemical oxidizer,-1e-13,1e-13,-7.209619717203e-07
28,j0p1MGAnDSMs: burn index sum constraint,-1e-13,1e-13,9.947598300641e-14
29,j0: journey flight time bounds,-1,0,-2.22044604925e-16
30,Mission flight time bounds,0,1,1
