Folder,Filename,Mission Name,Instances Created,Instances Ran,Instances Finished,Instances Converged,First Feasible,Improved,Last Improved Iteration,Seed History,SeedCriteria 0,SeedCriteria 1,Final Mass [kg],Flight Time [years],Feasibility,PEATSA objective,First NLP Solve Feasible,First NLP Solve Objective Function Value,Number of Solution Attempts,Best Solution Attempt,C3 (km^2/s^2),Launch Date,Launch Date (JD),S0F0,S0F1,S1F0,S1F1,
/home/ts34254/EMTG/missions/EVM/PEATSA_run/results/Iteration0/,TradeStudy_Case0.emtg,TradeStudy_Case0,1,1,1,1,1,1,0,0,61041.0,5.0,36.64811755580979,1.0821355236139631,3.83524308420149e-06,8.20073853512883,1.0,8.2008285446458,92.0,33.0,25.0,1/31/2026,2461071.5,5.0,61041.0,
/home/ts34254/EMTG/missions/EVM/PEATSA_run/results/Iteration0/,TradeStudy_Case6.emtg,TradeStudy_Case6,1,1,1,1,1,1,0,0,61071.0,5.0,79.71576660393333,1.0821358292344243,2.9489783132598e-07,5.762044828110807,1.0,6.321216069764905,201.0,27.0,24.99998,3/2/2026,2461101.5,5.0,61071.0,
/home/ts34254/EMTG/missions/EVM/PEATSA_run/results/Iteration0/,TradeStudy_Case12.emtg,TradeStudy_Case12,1,1,1,1,1,1,0,0,61101.0,5.0,116.01884251530959,1.0821355236139631,7.36530600129194e-06,4.58440162345751,0.0,38.9167165729843,208.0,93.0,25.0,3/19/2026,2461118.79615244,5.0,61101.0,
/home/ts34254/EMTG/missions/EVM/PEATSA_run/results/Iteration0/,TradeStudy_Case18.emtg,TradeStudy_Case18,1,1,1,1,1,1,0,0,61131.0,5.0,109.15354946240532,1.0821355236139631,-9.71798258371206e-06,4.7758290527128695,1.0,4.776189287092264,920.0,789.0,25.0,4/1/2026,2461131.5,5.0,61131.0,
/home/ts34254/EMTG/missions/EVM/PEATSA_run/results/Iteration0/,TradeStudy_Case24.emtg,TradeStudy_Case24,1,1,1,1,1,1,0,0,61161.0,5.0,60.66295378472935,1.0821355236139627,-9.65592768919347e-06,6.619175206424926,0.0,24.913946122785134,970.0,629.0,25.0,5/1/2026,2461161.5,5.0,61161.0,
/home/ts34254/EMTG/missions/EVM/PEATSA_run/results/Iteration0/,TradeStudy_Case30.emtg,TradeStudy_Case30,1,1,1,1,1,1,0,0,61191.0,5.0,39.41536820917881,1.0821355236139631,8.39741434893975e-06,7.9722943958705095,1.0,7.972601002372263,931.0,642.0,25.0,5/31/2026,2461191.5,5.0,61191.0,
/home/ts34254/EMTG/missions/EVM/PEATSA_run/results/Iteration0/,TradeStudy_Case36.emtg,TradeStudy_Case36,1,1,1,1,1,1,0,0,61221.0,5.0,26.886817895035506,1.0821355236139631,9.92027193546343e-06,9.172693630425638,1.0,9.281784748380302,716.0,140.0,25.0,6/30/2026,2461221.5,5.0,61221.0,
/home/ts34254/EMTG/missions/EVM/PEATSA_run/results/Iteration0/,TradeStudy_Case42.emtg,TradeStudy_Case42,1,1,1,1,1,1,0,0,61251.0,5.0,18.500193840116616,1.0821355236139631,9.29239495774865e-06,10.345841458167278,0.0,68.8851108909514,551.0,283.0,25.0,7/30/2026,2461251.5,5.0,61251.0,
/home/ts34254/EMTG/missions/EVM/PEATSA_run/results/Iteration0/,TradeStudy_Case48.emtg,TradeStudy_Case48,1,1,1,1,1,1,0,0,61281.0,5.0,12.98167653653261,1.0821355236139627,8.31725517668486e-06,11.457503487994412,1.0,11.4577508895094,757.0,449.0,25.0,8/29/2026,2461281.5,5.0,61281.0,
/home/ts34254/EMTG/missions/EVM/PEATSA_run/results/Iteration0/,TradeStudy_Case54.emtg,TradeStudy_Case54,1,1,1,1,1,1,0,0,61311.0,5.0,19.300164135194365,1.0821355236139631,5.5197669478169e-07,10.213022042524962,0.0,41.279098880359,444.0,363.0,25.00007,10/26/2026,2461340.15839983,5.0,61311.0,
/home/ts34254/EMTG/missions/EVM/PEATSA_run/results/Iteration0/,TradeStudy_Case60.emtg,TradeStudy_Case60,1,1,1,1,1,1,0,0,61341.0,5.0,19.25375775648763,1.0821355236139631,7.6041943548156e-07,10.220577270536218,0.0,48.29686189254367,287.0,276.0,25.0,10/27/2026,2461341.49998187,5.0,61341.0,
/home/ts34254/EMTG/missions/EVM/PEATSA_run/results/Iteration0/,TradeStudy_Case66.emtg,TradeStudy_Case66,1,1,1,1,1,1,0,0,61371.0,5.0,20.419345753256763,1.0821355236139631,7.48268285649516e-06,10.036141372230684,0.0,43.70268270046347,765.0,303.0,25.0,12/22/2026,2461397.29470287,5.0,61371.0,
/home/ts34254/EMTG/missions/EVM/PEATSA_run/results/Iteration0/,TradeStudy_Case1.emtg,TradeStudy_Case1,1,1,1,1,1,1,0,0,61041.0,6.0,44.326532418244966,1.0821355236139631,4.64572664247503e-06,7.603783251586279,0.0,54.702444697913144,169.0,160.0,36.0,1/31/2026,2461071.5,6.0,61041.0,
/home/ts34254/EMTG/missions/EVM/PEATSA_run/results/Iteration0/,TradeStudy_Case7.emtg,TradeStudy_Case7,1,1,1,1,1,1,0,0,61071.0,6.0,92.95522584665974,1.0821355236139631,-3.8895085883618e-07,5.27986777283556,0.0,29.61800362279139,186.0,186.0,36.0,3/2/2026,2461101.5,6.0,61071.0,
/home/ts34254/EMTG/missions/EVM/PEATSA_run/results/Iteration0/,TradeStudy_Case13.emtg,TradeStudy_Case13,1,1,1,1,1,1,0,0,61101.0,6.0,158.40447949426994,1.0821355236139631,8.92797768078602e-06,3.6072021852567278,0.0,41.856836686101246,160.0,127.0,36.0,3/24/2026,2461123.63430241,6.0,61101.0,
/home/ts34254/EMTG/missions/EVM/PEATSA_run/results/Iteration0/,TradeStudy_Case19.emtg,TradeStudy_Case19,1,1,1,1,1,1,0,0,61131.0,6.0,149.73689412297884,1.0821355236139627,-4.97593702622442e-06,3.7837402841984713,1.0,42.09443725561549,759.0,442.0,36.0,4/1/2026,2461131.5,6.0,61131.0,
/home/ts34254/EMTG/missions/EVM/PEATSA_run/results/Iteration0/,TradeStudy_Case25.emtg,TradeStudy_Case25,1,1,1,1,1,1,0,0,61161.0,6.0,105.74281769808644,1.0821355236139631,8.3782890551597e-06,4.875395854826221,0.0,70.9763851632718,851.0,489.0,36.0,5/1/2026,2461161.5,6.0,61161.0,
/home/ts34254/EMTG/missions/EVM/PEATSA_run/results/Iteration0/,TradeStudy_Case31.emtg,TradeStudy_Case31,1,1,1,1,1,1,0,0,61191.0,6.0,71.43780774629539,1.0821355236139631,8.25320830932842e-06,6.106122487730353,0.0,55.29503983495947,537.0,459.0,36.0,5/31/2026,2461191.5,6.0,61191.0,
/home/ts34254/EMTG/missions/EVM/PEATSA_run/results/Iteration0/,TradeStudy_Case37.emtg,TradeStudy_Case37,1,1,1,1,1,1,0,0,61221.0,6.0,40.68042012630441,1.0821355236139631,9.02214915888438e-06,7.87312136206648,0.0,53.582443599848766,1041.0,955.0,36.0,6/30/2026,2461221.5,6.0,61221.0,
/home/ts34254/EMTG/missions/EVM/PEATSA_run/results/Iteration0/,TradeStudy_Case43.emtg,TradeStudy_Case43,1,1,1,1,1,1,0,0,61251.0,6.0,21.97949117663888,1.0821355236139631,8.72690475649089e-06,9.805077598651442,1.0,11.981890503931044,610.0,610.0,36.0,7/30/2026,2461251.5,6.0,61251.0,
/home/ts34254/EMTG/missions/EVM/PEATSA_run/results/Iteration0/,TradeStudy_Case49.emtg,TradeStudy_Case49,1,1,1,1,1,1,0,0,61281.0,6.0,14.888793331403967,1.0821354967987005,-2.6212573949471e-07,11.027373724601416,1.0,18.46163682866935,204.0,196.0,35.99999,9/14/2026,2461298.48275309,6.0,61281.0,
/home/ts34254/EMTG/missions/EVM/PEATSA_run/results/Iteration0/,TradeStudy_Case55.emtg,TradeStudy_Case55,1,1,1,1,1,1,0,0,61311.0,6.0,20.513887212420457,1.0821355236139631,8.163712128353e-08,10.021630664713854,0.0,53.33022366771398,541.0,326.0,34.29885,10/28/2026,2461341.5,6.0,61311.0,
/home/ts34254/EMTG/missions/EVM/PEATSA_run/results/Iteration0/,TradeStudy_Case61.emtg,TradeStudy_Case61,1,1,1,1,1,1,0,0,61341.0,6.0,21.955393834385774,1.0821355635874264,-3.82538228369e-07,9.808518043684016,0.0,50.5214510519194,89.0,34.0,36.00001,11/5/2026,2461349.87739852,6.0,61341.0,
/home/ts34254/EMTG/missions/EVM/PEATSA_run/results/Iteration0/,TradeStudy_Case67.emtg,TradeStudy_Case67,1,1,1,1,1,1,0,0,61371.0,6.0,37.087423433026345,1.0821355236139634,5.40136194693251e-06,8.163345760439928,0.0,71.15053810436414,615.0,85.0,36.0,12/24/2026,2461398.56790967,6.0,61371.0,
/home/ts34254/EMTG/missions/EVM/PEATSA_run/results/Iteration0/,TradeStudy_Case2.emtg,TradeStudy_Case2,1,1,1,1,1,1,0,0,61041.0,7.0,53.11262337815407,1.0821355236139631,9.15070575512012e-06,7.036375546825921,1.0,7.036415155253997,139.0,48.0,49.0,1/31/2026,2461071.5,7.0,61041.0,
/home/ts34254/EMTG/missions/EVM/PEATSA_run/results/Iteration0/,TradeStudy_Case8.emtg,TradeStudy_Case8,1,1,1,1,1,1,0,0,61071.0,7.0,107.27286035358537,1.0821355236139631,9.57493967205104e-06,4.83034768594517,0.0,52.04407839636032,273.0,110.0,49.0,3/2/2026,2461101.5,7.0,61071.0,
/home/ts34254/EMTG/missions/EVM/PEATSA_run/results/Iteration0/,TradeStudy_Case14.emtg,TradeStudy_Case14,1,1,1,1,1,1,0,0,61101.0,7.0,200.90789359376015,1.0821358209478764,5.410974434188e-07,2.8612262688344448,1.0,26.245055912318637,196.0,153.0,46.25498,3/24/2026,2461124.2950369,7.0,61101.0,
/home/ts34254/EMTG/missions/EVM/PEATSA_run/results/Iteration0/,TradeStudy_Case20.emtg,TradeStudy_Case20,1,1,1,1,1,1,0,0,61131.0,7.0,190.84103955420824,1.0821360112480196,4.5652670789048e-07,3.022543327113362,0.0,52.0681558069837,106.0,19.0,48.94303,4/1/2026,2461131.50001041,7.0,61131.0,
/home/ts34254/EMTG/missions/EVM/PEATSA_run/results/Iteration0/,TradeStudy_Case26.emtg,TradeStudy_Case26,1,1,1,1,1,1,0,0,61161.0,7.0,135.5917085296204,1.0821355236139631,8.20883522185304e-06,4.095148773043062,1.0,30.433061499716104,705.0,77.0,49.0,5/1/2026,2461161.5,7.0,61161.0,
/home/ts34254/EMTG/missions/EVM/PEATSA_run/results/Iteration0/,TradeStudy_Case32.emtg,TradeStudy_Case32,1,1,1,1,1,1,0,0,61191.0,7.0,86.50022736240683,1.0821355236139631,6.00362796599329e-06,5.505741814513562,1.0,5.505984102182126,732.0,471.0,49.0,5/31/2026,2461191.5,7.0,61191.0,
/home/ts34254/EMTG/missions/EVM/PEATSA_run/results/Iteration0/,TradeStudy_Case38.emtg,TradeStudy_Case38,1,1,1,1,1,1,0,0,61221.0,7.0,44.24431532351532,1.0821355236139634,8.24010729956748e-06,7.609595174422609,0.0,53.17748328012569,1147.0,933.0,45.38705,6/30/2026,2461221.5,7.0,61221.0,
/home/ts34254/EMTG/missions/EVM/PEATSA_run/results/Iteration0/,TradeStudy_Case44.emtg,TradeStudy_Case44,1,1,1,1,1,1,0,0,61251.0,7.0,22.133933118267862,1.0821355236139636,9.44792798389256e-06,9.783101188700186,0.0,45.59115330509325,885.0,82.0,39.33637,7/30/2026,2461251.5,7.0,61251.0,
/home/ts34254/EMTG/missions/EVM/PEATSA_run/results/Iteration0/,TradeStudy_Case50.emtg,TradeStudy_Case50,1,1,1,1,1,1,0,0,61281.0,7.0,17.29930230042669,1.0821355236139631,9.5272287219435e-06,10.556487166424146,1.0,14.635981566067247,723.0,91.0,49.0,9/20/2026,2461304.1136295,7.0,61281.0,
/home/ts34254/EMTG/missions/EVM/PEATSA_run/results/Iteration0/,TradeStudy_Case56.emtg,TradeStudy_Case56,1,1,1,1,1,1,0,0,61311.0,7.0,20.51501167354141,1.0821355236139631,9.70183916131085e-06,10.021501702562915,0.0,48.818903643892625,463.0,395.0,34.31272,10/28/2026,2461341.5,7.0,61311.0,
/home/ts34254/EMTG/missions/EVM/PEATSA_run/results/Iteration0/,TradeStudy_Case62.emtg,TradeStudy_Case62,1,1,1,1,1,1,0,0,61341.0,7.0,40.10738770045933,1.0821355236139631,-8.94068152051201e-06,7.917665822687426,0.0,31.881853522232234,889.0,256.0,49.0,11/27/2026,2461371.5,7.0,61341.0,
/home/ts34254/EMTG/missions/EVM/PEATSA_run/results/Iteration0/,TradeStudy_Case68.emtg,TradeStudy_Case68,1,1,1,1,1,1,0,0,61371.0,7.0,51.3771033670713,1.0821355236139631,7.92634910739734e-06,7.1405907852464034,0.0,43.12577628283239,938.0,35.0,49.0,12/19/2026,2461393.62483791,7.0,61371.0,
/home/ts34254/EMTG/missions/EVM/PEATSA_run/results/Iteration0/,TradeStudy_Case3.emtg,TradeStudy_Case3,1,1,1,1,1,1,0,0,61041.0,8.0,53.776743920960286,1.0821355236139631,7.79569857842214e-06,6.997407532135465,0.0,43.99150113849417,154.0,102.0,50.0,1/31/2026,2461071.5,8.0,61041.0,
/home/ts34254/EMTG/missions/EVM/PEATSA_run/results/Iteration0/,TradeStudy_Case9.emtg,TradeStudy_Case9,1,1,1,1,1,1,0,0,61071.0,8.0,108.23417134939456,1.0821355236139927,9.74155918622622e-06,4.802364563780807,1.0,4.843278265846565,242.0,209.0,50.0,3/2/2026,2461101.5,8.0,61071.0,
/home/ts34254/EMTG/missions/EVM/PEATSA_run/results/Iteration0/,TradeStudy_Case15.emtg,TradeStudy_Case15,1,1,1,1,1,1,0,0,61101.0,8.0,200.91463670041975,1.0821355179244545,9.65795880556365e-06,2.861179640726992,0.0,55.856337616631706,250.0,147.0,46.256,3/24/2026,2461124.2969819,8.0,61101.0,
/home/ts34254/EMTG/missions/EVM/PEATSA_run/results/Iteration0/,TradeStudy_Case21.emtg,TradeStudy_Case21,1,1,1,1,1,1,0,0,61131.0,8.0,190.84098145419955,1.0821358763962532,-4.8841164337502e-07,3.022543167540051,1.0,3.0225548528173234,138.0,33.0,48.94305,4/1/2026,2461131.5,8.0,61131.0,
/home/ts34254/EMTG/missions/EVM/PEATSA_run/results/Iteration0/,TradeStudy_Case27.emtg,TradeStudy_Case27,1,1,1,1,1,1,0,0,61161.0,8.0,135.60424140674388,1.0821355236139631,6.72717239355779e-06,4.094898731151149,0.0,56.342311634103964,329.0,275.0,49.4099,5/1/2026,2461161.5,8.0,61161.0,
/home/ts34254/EMTG/missions/EVM/PEATSA_run/results/Iteration0/,TradeStudy_Case33.emtg,TradeStudy_Case33,1,1,1,1,1,1,0,0,61191.0,8.0,86.55359026540138,1.0821355236139627,9.89802369651765e-06,5.503813755524348,1.0,8.069542951593425,483.0,483.0,50.0,5/31/2026,2461191.5,8.0,61191.0,
/home/ts34254/EMTG/missions/EVM/PEATSA_run/results/Iteration0/,TradeStudy_Case39.emtg,TradeStudy_Case39,1,1,1,1,1,1,0,0,61221.0,8.0,44.24550508547361,1.0821355236139627,9.58282643714157e-06,7.609546928043529,0.0,37.54657840423778,658.0,616.0,45.4133,6/30/2026,2461221.5,8.0,61221.0,
/home/ts34254/EMTG/missions/EVM/PEATSA_run/results/Iteration0/,TradeStudy_Case45.emtg,TradeStudy_Case45,1,1,1,1,1,1,0,0,61251.0,8.0,22.13369997147238,1.0821355236139627,9.12521618797313e-06,9.783126836482381,1.0,11.98191341769802,1553.0,1445.0,39.35242,7/30/2026,2461251.5,8.0,61251.0,
/home/ts34254/EMTG/missions/EVM/PEATSA_run/results/Iteration0/,TradeStudy_Case51.emtg,TradeStudy_Case51,1,1,1,1,1,1,0,0,61281.0,8.0,17.55945409858272,1.0821355236139627,9.14813933576853e-06,10.509692000691928,1.0,10.549657011802571,896.0,81.0,50.0,9/20/2026,2461304.44984138,8.0,61281.0,
/home/ts34254/EMTG/missions/EVM/PEATSA_run/results/Iteration0/,TradeStudy_Case57.emtg,TradeStudy_Case57,1,1,1,1,1,1,0,0,61311.0,8.0,20.51474777668524,1.0821355236139631,9.45809421641464e-06,10.02153887216996,1.0,11.439737187641747,319.0,221.0,34.2721,10/28/2026,2461341.5,8.0,61311.0,
/home/ts34254/EMTG/missions/EVM/PEATSA_run/results/Iteration0/,TradeStudy_Case63.emtg,TradeStudy_Case63,1,1,1,1,1,1,0,0,61341.0,8.0,24.546513340769565,1.0821355236139631,9.97057358056176e-06,9.45857871589891,0.0,43.20258219973017,394.0,345.0,50.0,11/13/2026,2461358.2523122,8.0,61341.0,
/home/ts34254/EMTG/missions/EVM/PEATSA_run/results/Iteration0/,TradeStudy_Case69.emtg,TradeStudy_Case69,1,1,1,1,1,1,0,0,61371.0,8.0,52.09038271538384,1.0821355236139631,9.68818073015322e-06,7.097393988264791,0.0,41.80999274582196,766.0,563.0,50.0,12/18/2026,2461393.2861499,8.0,61371.0,
/home/ts34254/EMTG/missions/EVM/PEATSA_run/results/Iteration0/,TradeStudy_Case4.emtg,TradeStudy_Case4,1,1,1,1,1,1,0,0,61041.0,9.0,53.77814586161443,1.0821355236139631,9.63712235675197e-06,6.99736548832133,1.0,6.997433301783482,182.0,69.0,50.0,1/31/2026,2461071.5,9.0,61041.0,
/home/ts34254/EMTG/missions/EVM/PEATSA_run/results/Iteration0/,TradeStudy_Case10.emtg,TradeStudy_Case10,1,1,1,1,1,1,0,0,61071.0,9.0,108.23509194730974,1.0821355236139631,9.08357583050368e-06,4.802345910339972,0.0,47.583379416517026,227.0,195.0,50.0,3/2/2026,2461101.5,9.0,61071.0,
/home/ts34254/EMTG/missions/EVM/PEATSA_run/results/Iteration0/,TradeStudy_Case16.emtg,TradeStudy_Case16,1,1,1,1,1,1,0,0,61101.0,9.0,200.9114677729978,1.0821355089330271,9.13379818011784e-06,2.861221702370943,0.0,49.44834154182064,242.0,172.0,46.25513,3/24/2026,2461124.29522656,9.0,61101.0,
/home/ts34254/EMTG/missions/EVM/PEATSA_run/results/Iteration0/,TradeStudy_Case22.emtg,TradeStudy_Case22,1,1,1,1,1,1,0,0,61131.0,9.0,190.84397919106436,1.0821355236139631,5.41133855897336e-06,3.0225308665717607,1.0,3.022554852815034,210.0,110.0,48.9139,4/1/2026,2461131.5,9.0,61131.0,
/home/ts34254/EMTG/missions/EVM/PEATSA_run/results/Iteration0/,TradeStudy_Case28.emtg,TradeStudy_Case28,1,1,1,1,1,1,0,0,61161.0,9.0,135.6040817257629,1.0821355236139627,7.72054392172757e-06,4.094857944661856,1.0,4.137185977556227,739.0,56.0,49.42678,5/1/2026,2461161.5,9.0,61161.0,
/home/ts34254/EMTG/missions/EVM/PEATSA_run/results/Iteration0/,TradeStudy_Case34.emtg,TradeStudy_Case34,1,1,1,1,1,1,0,0,61191.0,9.0,86.55376893249894,1.0821355236139634,7.31165004307146e-06,5.503814123509594,0.0,57.39573559451159,826.0,141.0,50.0,5/31/2026,2461191.5,9.0,61191.0,
/home/ts34254/EMTG/missions/EVM/PEATSA_run/results/Iteration0/,TradeStudy_Case40.emtg,TradeStudy_Case40,1,1,1,1,1,1,0,0,61221.0,9.0,44.24507078432339,1.0821355236139631,9.59455935897079e-06,7.60956268319935,1.0,31.368133101455523,1096.0,54.0,45.39367,6/30/2026,2461221.5,9.0,61221.0,
/home/ts34254/EMTG/missions/EVM/PEATSA_run/results/Iteration0/,TradeStudy_Case46.emtg,TradeStudy_Case46,1,1,1,1,1,1,0,0,61251.0,9.0,22.13303279772861,1.082135523613964,9.07855989575877e-06,9.783222472741915,1.0,11.981913417696038,683.0,210.0,39.38884,7/30/2026,2461251.5,9.0,61251.0,
/home/ts34254/EMTG/missions/EVM/PEATSA_run/results/Iteration0/,TradeStudy_Case52.emtg,TradeStudy_Case52,1,1,1,1,1,1,0,0,61281.0,9.0,17.558987790598806,1.0821355236139631,9.17209442337595e-06,10.509726219673523,1.0,12.263568713401279,874.0,234.0,50.0,9/20/2026,2461304.44616527,9.0,61281.0,
/home/ts34254/EMTG/missions/EVM/PEATSA_run/results/Iteration0/,TradeStudy_Case58.emtg,TradeStudy_Case58,1,1,1,1,1,1,0,0,61311.0,9.0,20.513928639841836,1.0821355236139634,1.9654319078316e-07,10.021624637700771,0.0,62.142415378385124,314.0,172.0,34.29885,10/28/2026,2461341.5000041,9.0,61311.0,
/home/ts34254/EMTG/missions/EVM/PEATSA_run/results/Iteration0/,TradeStudy_Case64.emtg,TradeStudy_Case64,1,1,1,1,1,1,0,0,61341.0,9.0,40.88703552882873,1.0821355236139631,-8.34416586495257e-06,7.857233496096942,1.0,22.014224968998683,1288.0,324.0,50.0,11/27/2026,2461371.5,9.0,61341.0,
/home/ts34254/EMTG/missions/EVM/PEATSA_run/results/Iteration0/,TradeStudy_Case70.emtg,TradeStudy_Case70,1,1,1,1,1,1,0,0,61371.0,9.0,38.30201006446934,1.0821355236139631,-9.90394188417854e-06,8.06233458633111,1.0,9.837318701766765,121.0,112.0,50.0,12/26/2026,2461401.43818851,9.0,61371.0,
/home/ts34254/EMTG/missions/EVM/PEATSA_run/results/Iteration0/,TradeStudy_Case5.emtg,TradeStudy_Case5,1,1,1,1,1,1,0,0,61041.0,10.0,53.77570162484369,1.0821355236139631,9.09982978291736e-06,6.997385985334066,0.0,35.201172167948826,219.0,19.0,50.0,1/31/2026,2461071.5,10.0,61041.0,
/home/ts34254/EMTG/missions/EVM/PEATSA_run/results/Iteration0/,TradeStudy_Case11.emtg,TradeStudy_Case11,1,1,1,1,1,1,0,0,61071.0,10.0,108.23454608442847,1.0821355236139631,9.2958244944601e-06,4.802355224959597,1.0,4.802391153412974,276.0,60.0,50.0,3/2/2026,2461101.5,10.0,61071.0,
/home/ts34254/EMTG/missions/EVM/PEATSA_run/results/Iteration0/,TradeStudy_Case17.emtg,TradeStudy_Case17,1,1,1,1,1,1,0,0,61101.0,10.0,200.90778685810335,1.082135963576199,4.0802223559134e-07,2.861226114943486,1.0,3.8309976761802025,191.0,22.0,46.25493,3/24/2026,2461124.29505119,10.0,61101.0,
/home/ts34254/EMTG/missions/EVM/PEATSA_run/results/Iteration0/,TradeStudy_Case23.emtg,TradeStudy_Case23,1,1,1,1,1,1,0,0,61131.0,10.0,190.84078152993663,1.0821357332578785,-4.6819158471137e-07,3.0225464317503117,1.0,3.0225544365176913,101.0,35.0,48.94297,4/1/2026,2461131.50000743,10.0,61131.0,
/home/ts34254/EMTG/missions/EVM/PEATSA_run/results/Iteration0/,TradeStudy_Case29.emtg,TradeStudy_Case29,1,1,1,1,1,1,0,0,61161.0,10.0,135.61049573781307,1.0821355236139627,8.55732150764445e-06,4.094761779858915,0.0,45.749786968677384,648.0,169.0,49.36004,5/1/2026,2461161.5,10.0,61161.0,
/home/ts34254/EMTG/missions/EVM/PEATSA_run/results/Iteration0/,TradeStudy_Case35.emtg,TradeStudy_Case35,1,1,1,1,1,1,0,0,61191.0,10.0,86.55526498744972,1.0821355236139631,8.96210978463508e-06,5.503851625192201,0.0,35.45459523879105,1469.0,83.0,50.0,5/31/2026,2461191.5,10.0,61191.0,
/home/ts34254/EMTG/missions/EVM/PEATSA_run/results/Iteration0/,TradeStudy_Case41.emtg,TradeStudy_Case41,1,1,1,1,1,1,0,0,61221.0,10.0,44.24515769969277,1.0821355236139634,9.68988496616395e-06,7.609552755607649,1.0,7.609923997231284,730.0,609.0,45.39564,6/30/2026,2461221.5,10.0,61221.0,
/home/ts34254/EMTG/missions/EVM/PEATSA_run/results/Iteration0/,TradeStudy_Case47.emtg,TradeStudy_Case47,1,1,1,1,1,1,0,0,61251.0,10.0,22.133075938688307,1.0821355236139631,7.93581897788055e-06,9.78321034949451,1.0,9.783487057765251,610.0,504.0,39.34643,7/30/2026,2461251.5,10.0,61251.0,
/home/ts34254/EMTG/missions/EVM/PEATSA_run/results/Iteration0/,TradeStudy_Case53.emtg,TradeStudy_Case53,1,1,1,1,1,1,0,0,61281.0,10.0,17.55862551536724,1.0821355236139634,9.5937158827726e-06,10.5097855730948,0.0,61.22282160032181,700.0,194.0,50.0,9/20/2026,2461304.44812946,10.0,61281.0,
/home/ts34254/EMTG/missions/EVM/PEATSA_run/results/Iteration0/,TradeStudy_Case59.emtg,TradeStudy_Case59,1,1,1,1,1,1,0,0,61311.0,10.0,20.514698546993316,1.0821355236139638,9.3517655844142e-06,10.021535971325982,1.0,11.43974010377542,138.0,84.0,34.29159,10/28/2026,2461341.5,10.0,61311.0,
/home/ts34254/EMTG/missions/EVM/PEATSA_run/results/Iteration0/,TradeStudy_Case65.emtg,TradeStudy_Case65,1,1,1,1,1,1,0,0,61341.0,10.0,40.88853190573329,1.0821355236139627,-8.99429349935612e-06,7.857182477849719,1.0,9.458663524188063,1046.0,600.0,50.0,11/27/2026,2461371.5,10.0,61341.0,
/home/ts34254/EMTG/missions/EVM/PEATSA_run/results/Iteration0/,TradeStudy_Case71.emtg,TradeStudy_Case71,1,1,1,1,1,1,0,0,61371.0,10.0,52.08852459855869,1.0821355236139631,8.55726430590843e-06,7.097442118690675,1.0,11.902563291573111,464.0,445.0,50.0,12/18/2026,2461393.32225475,10.0,61371.0,
