Folder,Filename,Mission Name,Instances Created,Instances Ran,Instances Finished,Instances Converged,First Feasible,Improved,Last Improved Iteration,Seed History,SeedCriteria 0,SeedCriteria 1,Final Mass [kg],Flight Time [years],Feasibility,PEATSA objective,First NLP Solve Feasible,First NLP Solve Objective Function Value,Number of Solution Attempts,Best Solution Attempt,C3 (km^2/s^2),Launch Date,Launch Date (JD),S0F0,S0F1,S1F0,S1F1,
/home/ts34254/EMTG/missions/EVM/PEATSA_run/results/Iteration0/,TradeStudy_Case0.emtg,TradeStudy_Case0,1,1,1,1,0,0,0,1,61041.0,5.0,36.64811755580979,1.0821355236139631,3.83524308420149e-06,8.20073853512883,1.0,8.2008285446458,92.0,33.0,25.0,1/31/2026,2461071.5,5.0,61041.0,
/home/ts34254/EMTG/missions/EVM/PEATSA_run/results/Iteration1/,TradeStudy_Case6_seeded_by_TradeStudy_Case12.emtg,TradeStudy_Case6_seeded_by_TradeStudy_Case12,1,1,1,1,0,1,1,1,61071.0,5.0,79.71684877448297,1.0821355236139631,4.6522812915999e-06,5.762037067460221,1.0,5.762037067460221,189.0,1.0,25.0,3/2/2026,2461101.5,5.0,61071.0,
/home/ts34254/EMTG/missions/EVM/PEATSA_run/results/Iteration1/,TradeStudy_Case12_seeded_by_TradeStudy_Case13.emtg,TradeStudy_Case12_seeded_by_TradeStudy_Case13,1,1,1,1,0,1,1,1,61101.0,5.0,116.02091934820402,1.0821355236139634,9.22367442767503e-06,4.584384143412715,1.0,4.584448681341632,216.0,27.0,25.0,3/19/2026,2461118.79790754,5.0,61101.0,
/home/ts34254/EMTG/missions/EVM/PEATSA_run/results/Iteration0/,TradeStudy_Case18.emtg,TradeStudy_Case18,1,1,1,1,0,0,0,1,61131.0,5.0,109.15354946240532,1.0821355236139631,-9.71798258371206e-06,4.7758290527128695,1.0,4.776189287092264,920.0,789.0,25.0,4/1/2026,2461131.5,5.0,61131.0,
/home/ts34254/EMTG/missions/EVM/PEATSA_run/results/Iteration1/,TradeStudy_Case24_seeded_by_TradeStudy_Case18.emtg,TradeStudy_Case24_seeded_by_TradeStudy_Case18,1,1,1,1,0,1,1,1,61161.0,5.0,60.66419342267115,1.0821355236139631,8.41719696423215e-06,6.619120005492909,1.0,6.619484184215594,962.0,15.0,25.0,5/1/2026,2461161.5,5.0,61161.0,
/home/ts34254/EMTG/missions/EVM/PEATSA_run/results/Iteration0/,TradeStudy_Case30.emtg,TradeStudy_Case30,1,1,1,1,0,0,0,1,61191.0,5.0,39.41536820917881,1.0821355236139631,8.39741434893975e-06,7.9722943958705095,1.0,7.972601002372263,931.0,642.0,25.0,5/31/2026,2461191.5,5.0,61191.0,
/home/ts34254/EMTG/missions/EVM/PEATSA_run/results/Iteration0/,TradeStudy_Case36.emtg,TradeStudy_Case36,1,1,0,0,0,0,0,1,61221.0,5.0,26.886817895035506,1.0821355236139631,9.92027193546343e-06,9.172693630425638,1.0,9.281784748380302,716.0,140.0,25.0,6/30/2026,2461221.5,5.0,61221.0,
/home/ts34254/EMTG/missions/EVM/PEATSA_run/results/Iteration0/,TradeStudy_Case42.emtg,TradeStudy_Case42,1,1,1,1,0,0,0,1,61251.0,5.0,18.500193840116616,1.0821355236139631,9.29239495774865e-06,10.345841458167278,0.0,68.8851108909514,551.0,283.0,25.0,7/30/2026,2461251.5,5.0,61251.0,
/home/ts34254/EMTG/missions/EVM/PEATSA_run/results/Iteration0/,TradeStudy_Case48.emtg,TradeStudy_Case48,1,1,1,1,0,0,0,1,61281.0,5.0,12.98167653653261,1.0821355236139627,8.31725517668486e-06,11.457503487994412,1.0,11.4577508895094,757.0,449.0,25.0,8/29/2026,2461281.5,5.0,61281.0,
/home/ts34254/EMTG/missions/EVM/PEATSA_run/results/Iteration1/,TradeStudy_Case54_seeded_by_TradeStudy_Case55.emtg,TradeStudy_Case54_seeded_by_TradeStudy_Case55,1,1,1,1,0,1,1,1,61311.0,5.0,19.30028409234137,1.0821357191692025,4.0770970563352e-07,10.21300177185021,1.0,10.213053242842584,82.0,74.0,25.00003,10/26/2026,2461340.15840532,5.0,61311.0,
/home/ts34254/EMTG/missions/EVM/PEATSA_run/results/Iteration1/,TradeStudy_Case60_seeded_by_TradeStudy_Case61.emtg,TradeStudy_Case60_seeded_by_TradeStudy_Case61,1,1,1,1,0,1,1,1,61341.0,5.0,19.253760562169518,1.0821355236139631,5.8643191327868e-07,10.220576267219522,1.0,10.22060831469908,17.0,17.0,25.0,10/27/2026,2461341.49999445,5.0,61341.0,
/home/ts34254/EMTG/missions/EVM/PEATSA_run/results/Iteration1/,TradeStudy_Case66_seeded_by_TradeStudy_Case67.emtg,TradeStudy_Case66_seeded_by_TradeStudy_Case67,1,1,1,1,0,1,1,1,61371.0,5.0,20.41975561888316,1.0821355236139631,7.99567380589697e-06,10.036133293697317,1.0,10.03645496121051,397.0,55.0,25.0,12/22/2026,2461397.08847788,5.0,61371.0,
/home/ts34254/EMTG/missions/EVM/PEATSA_run/results/Iteration1/,TradeStudy_Case1_seeded_by_TradeStudy_Case7.emtg,TradeStudy_Case1_seeded_by_TradeStudy_Case7,1,1,1,1,0,1,1,1,61041.0,6.0,44.329551308953654,1.0821355236139631,7.37308228973355e-06,7.603648465624114,1.0,7.603799110671247,181.0,91.0,36.0,1/31/2026,2461071.5,6.0,61041.0,
/home/ts34254/EMTG/missions/EVM/PEATSA_run/results/Iteration1/,TradeStudy_Case7_seeded_by_TradeStudy_Case13.emtg,TradeStudy_Case7_seeded_by_TradeStudy_Case13,1,1,1,1,0,1,1,1,61071.0,6.0,92.95571723495738,1.0821355236139634,-4.7638788147585e-07,5.279853318078862,1.0,5.279868881757319,247.0,145.0,36.0,3/2/2026,2461101.5,6.0,61071.0,
/home/ts34254/EMTG/missions/EVM/PEATSA_run/results/Iteration1/,TradeStudy_Case13_seeded_by_TradeStudy_Case14.emtg,TradeStudy_Case13_seeded_by_TradeStudy_Case14,1,1,1,1,0,1,1,1,61101.0,6.0,158.40492955652172,1.0821355236139631,9.03228109420874e-06,3.607197198780031,1.0,3.607227004932221,164.0,94.0,36.0,3/24/2026,2461123.6336523,6.0,61101.0,
/home/ts34254/EMTG/missions/EVM/PEATSA_run/results/Iteration1/,TradeStudy_Case19_seeded_by_TradeStudy_Case20.emtg,TradeStudy_Case19_seeded_by_TradeStudy_Case20,1,1,1,1,0,1,1,1,61131.0,6.0,149.73954637731606,1.0821355236139634,-8.35260763983453e-06,3.783691734377059,1.0,3.802161699809195,693.0,215.0,36.0,4/1/2026,2461131.5,6.0,61131.0,
/home/ts34254/EMTG/missions/EVM/PEATSA_run/results/Iteration0/,TradeStudy_Case25.emtg,TradeStudy_Case25,1,1,1,1,0,0,0,1,61161.0,6.0,105.74281769808644,1.0821355236139631,8.3782890551597e-06,4.875395854826221,0.0,70.9763851632718,851.0,489.0,36.0,5/1/2026,2461161.5,6.0,61161.0,
/home/ts34254/EMTG/missions/EVM/PEATSA_run/results/Iteration0/,TradeStudy_Case31.emtg,TradeStudy_Case31,1,1,1,1,0,0,0,1,61191.0,6.0,71.43780774629539,1.0821355236139631,8.25320830932842e-06,6.106122487730353,0.0,55.29503983495947,537.0,459.0,36.0,5/31/2026,2461191.5,6.0,61191.0,
/home/ts34254/EMTG/missions/EVM/PEATSA_run/results/Iteration0/,TradeStudy_Case37.emtg,TradeStudy_Case37,1,1,1,1,0,0,0,1,61221.0,6.0,40.68042012630441,1.0821355236139631,9.02214915888438e-06,7.87312136206648,0.0,53.582443599848766,1041.0,955.0,36.0,6/30/2026,2461221.5,6.0,61221.0,
/home/ts34254/EMTG/missions/EVM/PEATSA_run/results/Iteration0/,TradeStudy_Case43.emtg,TradeStudy_Case43,1,1,1,1,0,0,0,1,61251.0,6.0,21.97949117663888,1.0821355236139631,8.72690475649089e-06,9.805077598651442,1.0,11.981890503931044,610.0,610.0,36.0,7/30/2026,2461251.5,6.0,61251.0,
/home/ts34254/EMTG/missions/EVM/PEATSA_run/results/Iteration1/,TradeStudy_Case49_seeded_by_TradeStudy_Case43.emtg,TradeStudy_Case49_seeded_by_TradeStudy_Case43,1,1,1,1,0,1,1,1,61281.0,6.0,14.888864973194572,1.082135491978373,-4.8528016663774e-07,11.02736840368671,1.0,11.333112092884804,188.0,146.0,35.99995,9/14/2026,2461298.48274154,6.0,61281.0,
/home/ts34254/EMTG/missions/EVM/PEATSA_run/results/Iteration1/,TradeStudy_Case55_seeded_by_TradeStudy_Case61.emtg,TradeStudy_Case55_seeded_by_TradeStudy_Case61,1,1,1,1,0,1,1,1,61311.0,6.0,20.514436124196465,1.0821355236139627,9.43237288440636e-06,10.021578753956708,1.0,10.02163100620368,175.0,127.0,34.28102,10/28/2026,2461341.5,6.0,61311.0,
/home/ts34254/EMTG/missions/EVM/PEATSA_run/results/Iteration1/,TradeStudy_Case61_seeded_by_TradeStudy_Case62.emtg,TradeStudy_Case61_seeded_by_TradeStudy_Case62,1,1,1,1,0,1,1,1,61341.0,6.0,22.99463922910209,1.0821355236139631,9.39002978525317e-06,9.663440240893632,1.0,9.663801759382984,684.0,254.0,36.0,11/27/2026,2461371.5,6.0,61341.0,
/home/ts34254/EMTG/missions/EVM/PEATSA_run/results/Iteration1/,TradeStudy_Case67_seeded_by_TradeStudy_Case68.emtg,TradeStudy_Case67_seeded_by_TradeStudy_Case68,1,1,1,1,0,1,1,1,61371.0,6.0,37.08866265751355,1.0821355236139634,9.83848461026522e-06,8.163211380246914,1.0,8.163519092123957,964.0,129.0,36.0,12/24/2026,2461398.52619818,6.0,61371.0,
/home/ts34254/EMTG/missions/EVM/PEATSA_run/results/Iteration1/,TradeStudy_Case2_seeded_by_TradeStudy_Case8.emtg,TradeStudy_Case2_seeded_by_TradeStudy_Case8,1,1,1,1,0,1,1,1,61041.0,7.0,53.11432777838277,1.0821355236139631,9.12413237881352e-06,7.036277384598715,1.0,7.036415155258551,210.0,62.0,49.0,1/31/2026,2461071.5,7.0,61041.0,
/home/ts34254/EMTG/missions/EVM/PEATSA_run/results/Iteration1/,TradeStudy_Case8_seeded_by_TradeStudy_Case14.emtg,TradeStudy_Case8_seeded_by_TradeStudy_Case14,1,1,1,1,0,1,1,1,61071.0,7.0,107.27498536184493,1.0821355236139627,9.97752104381001e-06,4.830292120854842,1.0,4.83037069536516,231.0,21.0,49.0,3/2/2026,2461101.5,7.0,61071.0,
/home/ts34254/EMTG/missions/EVM/PEATSA_run/results/Iteration1/,TradeStudy_Case14_seeded_by_TradeStudy_Case15.emtg,TradeStudy_Case14_seeded_by_TradeStudy_Case15,1,1,1,1,0,1,1,1,61101.0,7.0,200.9147098944283,1.0821355179245242,9.74800664282506e-06,2.8611790298232975,1.0,2.8611790298232975,190.0,1.0,46.25604,3/24/2026,2461124.29699607,7.0,61101.0,
/home/ts34254/EMTG/missions/EVM/PEATSA_run/results/Iteration1/,TradeStudy_Case20_seeded_by_TradeStudy_Case14.emtg,TradeStudy_Case20_seeded_by_TradeStudy_Case14,1,1,1,1,0,1,1,1,61131.0,7.0,190.84961628239927,1.0821355236139636,4.51760138770301e-06,3.0224111997487633,1.0,3.0225491532318145,131.0,4.0,48.9372,4/1/2026,2461131.5,7.0,61131.0,
/home/ts34254/EMTG/missions/EVM/PEATSA_run/results/Iteration0/,TradeStudy_Case26.emtg,TradeStudy_Case26,1,1,1,1,0,0,0,1,61161.0,7.0,135.5917085296204,1.0821355236139631,8.20883522185304e-06,4.095148773043062,1.0,30.433061499716104,705.0,77.0,49.0,5/1/2026,2461161.5,7.0,61161.0,
/home/ts34254/EMTG/missions/EVM/PEATSA_run/results/Iteration1/,TradeStudy_Case32_seeded_by_TradeStudy_Case26.emtg,TradeStudy_Case32_seeded_by_TradeStudy_Case26,1,1,1,1,0,1,1,1,61191.0,7.0,86.5024827620799,1.0821355236139631,7.8973212091414e-06,5.50570886922761,1.0,5.50597117901966,539.0,197.0,49.0,5/31/2026,2461191.5,7.0,61191.0,
/home/ts34254/EMTG/missions/EVM/PEATSA_run/results/Iteration0/,TradeStudy_Case38.emtg,TradeStudy_Case38,1,1,1,1,0,0,0,1,61221.0,7.0,44.24431532351532,1.0821355236139634,8.24010729956748e-06,7.609595174422609,0.0,53.17748328012569,1147.0,933.0,45.38705,6/30/2026,2461221.5,7.0,61221.0,
/home/ts34254/EMTG/missions/EVM/PEATSA_run/results/Iteration0/,TradeStudy_Case44.emtg,TradeStudy_Case44,1,1,1,1,0,0,0,1,61251.0,7.0,22.133933118267862,1.0821355236139636,9.44792798389256e-06,9.783101188700186,0.0,45.59115330509325,885.0,82.0,39.33637,7/30/2026,2461251.5,7.0,61251.0,
/home/ts34254/EMTG/missions/EVM/PEATSA_run/results/Iteration0/,TradeStudy_Case50.emtg,TradeStudy_Case50,1,1,1,1,0,0,0,1,61281.0,7.0,17.29930230042669,1.0821355236139631,9.5272287219435e-06,10.556487166424146,1.0,14.635981566067247,723.0,91.0,49.0,9/20/2026,2461304.1136295,7.0,61281.0,
/home/ts34254/EMTG/missions/EVM/PEATSA_run/results/Iteration0/,TradeStudy_Case56.emtg,TradeStudy_Case56,1,1,1,1,0,0,0,1,61311.0,7.0,20.51501167354141,1.0821355236139631,9.70183916131085e-06,10.021501702562915,0.0,48.818903643892625,463.0,395.0,34.31272,10/28/2026,2461341.5,7.0,61311.0,
/home/ts34254/EMTG/missions/EVM/PEATSA_run/results/Iteration1/,TradeStudy_Case62_seeded_by_TradeStudy_Case68.emtg,TradeStudy_Case62_seeded_by_TradeStudy_Case68,1,1,1,1,0,1,1,1,61341.0,7.0,40.10990302201327,1.0821355236139631,8.03871671648616e-06,7.917530698072587,1.0,7.9179295634422715,1170.0,386.0,49.0,11/27/2026,2461371.5,7.0,61341.0,
/home/ts34254/EMTG/missions/EVM/PEATSA_run/results/Iteration0/,TradeStudy_Case68.emtg,TradeStudy_Case68,1,1,1,1,0,0,0,1,61371.0,7.0,51.3771033670713,1.0821355236139631,7.92634910739734e-06,7.1405907852464034,0.0,43.12577628283239,938.0,35.0,49.0,12/19/2026,2461393.62483791,7.0,61371.0,
/home/ts34254/EMTG/missions/EVM/PEATSA_run/results/Iteration0/,TradeStudy_Case3.emtg,TradeStudy_Case3,1,1,1,1,0,0,0,1,61041.0,8.0,53.776743920960286,1.0821355236139631,7.79569857842214e-06,6.997407532135465,0.0,43.99150113849417,154.0,102.0,50.0,1/31/2026,2461071.5,8.0,61041.0,
/home/ts34254/EMTG/missions/EVM/PEATSA_run/results/Iteration1/,TradeStudy_Case9_seeded_by_TradeStudy_Case15.emtg,TradeStudy_Case9_seeded_by_TradeStudy_Case15,1,1,1,1,0,1,1,1,61071.0,8.0,108.2355767653824,1.0821355236139631,8.86421104603309e-06,4.802335417157213,1.0,4.802391421961604,307.0,221.0,50.0,3/2/2026,2461101.5,8.0,61071.0,
/home/ts34254/EMTG/missions/EVM/PEATSA_run/results/Iteration1/,TradeStudy_Case15_seeded_by_TradeStudy_Case15.emtg,TradeStudy_Case15_seeded_by_TradeStudy_Case15,1,1,1,1,0,1,1,1,61101.0,8.0,200.91471349732302,1.0821355179245233,9.74637674635127e-06,2.861179031318036,1.0,2.861179031318036,1.0,1.0,46.25605,3/24/2026,2461124.29699718,8.0,61101.0,
/home/ts34254/EMTG/missions/EVM/PEATSA_run/results/Iteration1/,TradeStudy_Case21_seeded_by_TradeStudy_Case15.emtg,TradeStudy_Case21_seeded_by_TradeStudy_Case15,1,1,1,1,0,1,1,1,61131.0,8.0,190.8421755611193,1.0821355236139631,3.29047236532355e-06,3.0225354732840755,1.0,3.0225548300510208,244.0,101.0,48.92997,4/1/2026,2461131.5,8.0,61131.0,
/home/ts34254/EMTG/missions/EVM/PEATSA_run/results/Iteration1/,TradeStudy_Case27_seeded_by_TradeStudy_Case21.emtg,TradeStudy_Case27_seeded_by_TradeStudy_Case21,1,1,1,1,0,1,1,1,61161.0,8.0,135.60633068064735,1.0821355236139631,9.94907561611881e-06,4.094856186566457,1.0,4.577387500520037,780.0,530.0,49.32214,5/1/2026,2461161.5,8.0,61161.0,
/home/ts34254/EMTG/missions/EVM/PEATSA_run/results/Iteration0/,TradeStudy_Case33.emtg,TradeStudy_Case33,1,1,1,1,0,0,0,1,61191.0,8.0,86.55359026540138,1.0821355236139627,9.89802369651765e-06,5.503813755524348,1.0,8.069542951593425,483.0,483.0,50.0,5/31/2026,2461191.5,8.0,61191.0,
/home/ts34254/EMTG/missions/EVM/PEATSA_run/results/Iteration0/,TradeStudy_Case39.emtg,TradeStudy_Case39,1,1,1,1,0,0,0,1,61221.0,8.0,44.24550508547361,1.0821355236139627,9.58282643714157e-06,7.609546928043529,0.0,37.54657840423778,658.0,616.0,45.4133,6/30/2026,2461221.5,8.0,61221.0,
/home/ts34254/EMTG/missions/EVM/PEATSA_run/results/Iteration0/,TradeStudy_Case45.emtg,TradeStudy_Case45,1,1,1,1,0,0,0,1,61251.0,8.0,22.13369997147238,1.0821355236139627,9.12521618797313e-06,9.783126836482381,1.0,11.98191341769802,1553.0,1445.0,39.35242,7/30/2026,2461251.5,8.0,61251.0,
/home/ts34254/EMTG/missions/EVM/PEATSA_run/results/Iteration0/,TradeStudy_Case51.emtg,TradeStudy_Case51,1,1,1,1,0,0,0,1,61281.0,8.0,17.55945409858272,1.0821355236139627,9.14813933576853e-06,10.509692000691928,1.0,10.549657011802571,896.0,81.0,50.0,9/20/2026,2461304.44984138,8.0,61281.0,
/home/ts34254/EMTG/missions/EVM/PEATSA_run/results/Iteration0/,TradeStudy_Case57.emtg,TradeStudy_Case57,1,1,1,1,0,0,0,1,61311.0,8.0,20.51474777668524,1.0821355236139631,9.45809421641464e-06,10.02153887216996,1.0,11.439737187641747,319.0,221.0,34.2721,10/28/2026,2461341.5,8.0,61311.0,
/home/ts34254/EMTG/missions/EVM/PEATSA_run/results/Iteration1/,TradeStudy_Case63_seeded_by_TradeStudy_Case69.emtg,TradeStudy_Case63_seeded_by_TradeStudy_Case69,1,1,1,1,0,1,1,1,61341.0,8.0,40.88740459155591,1.0821355236139631,-8.91315398972196e-06,7.857215685345112,1.0,7.857467394806852,604.0,69.0,50.0,11/27/2026,2461371.5,8.0,61341.0,
/home/ts34254/EMTG/missions/EVM/PEATSA_run/results/Iteration1/,TradeStudy_Case69_seeded_by_TradeStudy_Case69.emtg,TradeStudy_Case69_seeded_by_TradeStudy_Case69,1,1,1,1,0,0,1,1,61371.0,8.0,52.09038271538384,1.0821355236139631,9.68818073015322e-06,7.097393988264791,1.0,7.097393988264791,619.0,1.0,50.0,12/18/2026,2461393.2861499,8.0,61371.0,
/home/ts34254/EMTG/missions/EVM/PEATSA_run/results/Iteration1/,TradeStudy_Case4_seeded_by_TradeStudy_Case10.emtg,TradeStudy_Case4_seeded_by_TradeStudy_Case10,1,1,1,1,0,1,1,1,61041.0,9.0,53.77694533158416,1.0821355236139627,4.92634242668722e-06,6.997320200501893,1.0,6.9974333017848345,206.0,114.0,50.0,1/30/2026,2461071.4999936,9.0,61041.0,
/home/ts34254/EMTG/missions/EVM/PEATSA_run/results/Iteration0/,TradeStudy_Case10.emtg,TradeStudy_Case10,1,1,1,1,0,0,0,1,61071.0,9.0,108.23509194730974,1.0821355236139631,9.08357583050368e-06,4.802345910339972,0.0,47.583379416517026,227.0,195.0,50.0,3/2/2026,2461101.5,9.0,61071.0,
/home/ts34254/EMTG/missions/EVM/PEATSA_run/results/Iteration1/,TradeStudy_Case16_seeded_by_TradeStudy_Case15.emtg,TradeStudy_Case16_seeded_by_TradeStudy_Case15,1,1,1,1,0,1,1,1,61101.0,9.0,200.91471349732302,1.0821355179245233,9.74637674635127e-06,2.861179031318036,1.0,2.861179031318036,228.0,1.0,46.25605,3/24/2026,2461124.29699718,9.0,61101.0,
/home/ts34254/EMTG/missions/EVM/PEATSA_run/results/Iteration1/,TradeStudy_Case22_seeded_by_TradeStudy_Case16.emtg,TradeStudy_Case22_seeded_by_TradeStudy_Case16,1,1,1,1,0,1,1,1,61131.0,9.0,190.84470278242918,1.0821355236139631,5.55027161060374e-06,3.022521284201303,1.0,3.0225548528136184,193.0,158.0,48.94264,4/1/2026,2461131.5,9.0,61131.0,
/home/ts34254/EMTG/missions/EVM/PEATSA_run/results/Iteration1/,TradeStudy_Case28_seeded_by_TradeStudy_Case22.emtg,TradeStudy_Case28_seeded_by_TradeStudy_Case22,1,1,1,1,0,1,1,1,61161.0,9.0,135.61183236099205,1.0821355236139631,9.57067322655417e-06,4.094768101518919,1.0,4.137189278986245,606.0,318.0,49.60393,5/1/2026,2461161.5,9.0,61161.0,
/home/ts34254/EMTG/missions/EVM/PEATSA_run/results/Iteration0/,TradeStudy_Case34.emtg,TradeStudy_Case34,1,1,1,1,0,0,0,1,61191.0,9.0,86.55376893249894,1.0821355236139634,7.31165004307146e-06,5.503814123509594,0.0,57.39573559451159,826.0,141.0,50.0,5/31/2026,2461191.5,9.0,61191.0,
/home/ts34254/EMTG/missions/EVM/PEATSA_run/results/Iteration1/,TradeStudy_Case40_seeded_by_TradeStudy_Case34.emtg,TradeStudy_Case40_seeded_by_TradeStudy_Case34,1,1,1,1,0,1,1,1,61221.0,9.0,44.245258049096975,1.0821355236139631,9.91177047085308e-06,7.60955528708277,1.0,7.609927709934462,1199.0,681.0,45.40802,6/30/2026,2461221.5,9.0,61221.0,
/home/ts34254/EMTG/missions/EVM/PEATSA_run/results/Iteration1/,TradeStudy_Case46_seeded_by_TradeStudy_Case40.emtg,TradeStudy_Case46_seeded_by_TradeStudy_Case40,1,1,1,1,0,1,1,1,61251.0,9.0,22.133644348324218,1.0821355236139627,9.6737073498501e-06,9.783133926182563,1.0,9.783511606680115,1521.0,687.0,39.34459,7/30/2026,2461251.5,9.0,61251.0,
/home/ts34254/EMTG/missions/EVM/PEATSA_run/results/Iteration1/,TradeStudy_Case52_seeded_by_TradeStudy_Case46.emtg,TradeStudy_Case52_seeded_by_TradeStudy_Case46,1,1,1,1,0,1,1,1,61281.0,9.0,17.55899397297719,1.0821355236139631,9.49370971771202e-06,10.509725821039549,1.0,11.333115490764834,1025.0,614.0,50.0,9/20/2026,2461304.44082749,9.0,61281.0,
/home/ts34254/EMTG/missions/EVM/PEATSA_run/results/Iteration0/,TradeStudy_Case58.emtg,TradeStudy_Case58,1,1,1,1,0,0,0,1,61311.0,9.0,20.513928639841836,1.0821355236139634,1.9654319078316e-07,10.021624637700771,0.0,62.142415378385124,314.0,172.0,34.29885,10/28/2026,2461341.5000041,9.0,61311.0,
/home/ts34254/EMTG/missions/EVM/PEATSA_run/results/Iteration1/,TradeStudy_Case64_seeded_by_TradeStudy_Case65.emtg,TradeStudy_Case64_seeded_by_TradeStudy_Case65,1,1,1,1,0,1,1,1,61341.0,9.0,40.89151198443503,1.0821355236139627,8.37968722116678e-06,7.8569485451437915,1.0,7.8569485451437915,1110.0,1.0,50.0,11/27/2026,2461371.5,9.0,61341.0,
/home/ts34254/EMTG/missions/EVM/PEATSA_run/results/Iteration1/,TradeStudy_Case70_seeded_by_TradeStudy_Case69.emtg,TradeStudy_Case70_seeded_by_TradeStudy_Case69,1,1,1,1,0,1,1,1,61371.0,9.0,52.09038271538384,1.0821355236139631,9.68818073015322e-06,7.097393988264791,1.0,7.097393988264791,596.0,1.0,50.0,12/18/2026,2461393.2861499,9.0,61371.0,
/home/ts34254/EMTG/missions/EVM/PEATSA_run/results/Iteration0/,TradeStudy_Case5.emtg,TradeStudy_Case5,1,1,1,1,0,0,0,1,61041.0,10.0,53.77570162484369,1.0821355236139631,9.09982978291736e-06,6.997385985334066,0.0,35.201172167948826,219.0,19.0,50.0,1/31/2026,2461071.5,10.0,61041.0,
/home/ts34254/EMTG/missions/EVM/PEATSA_run/results/Iteration0/,TradeStudy_Case11.emtg,TradeStudy_Case11,1,1,1,1,0,0,0,1,61071.0,10.0,108.23454608442847,1.0821355236139631,9.2958244944601e-06,4.802355224959597,1.0,4.802391153412974,276.0,60.0,50.0,3/2/2026,2461101.5,10.0,61071.0,
/home/ts34254/EMTG/missions/EVM/PEATSA_run/results/Iteration1/,TradeStudy_Case17_seeded_by_TradeStudy_Case16.emtg,TradeStudy_Case17_seeded_by_TradeStudy_Case16,1,1,1,1,0,1,1,1,61101.0,10.0,200.91360956112715,1.0821355236139634,9.96127323485219e-06,2.861189157907752,1.0,2.8612213763160086,228.0,173.0,46.25604,3/24/2026,2461124.29662888,10.0,61101.0,
/home/ts34254/EMTG/missions/EVM/PEATSA_run/results/Iteration1/,TradeStudy_Case23_seeded_by_TradeStudy_Case17.emtg,TradeStudy_Case23_seeded_by_TradeStudy_Case17,1,1,1,1,0,1,1,1,61131.0,10.0,190.84087749346628,1.0821356790504029,-4.9009646401481e-07,3.0225448453204744,1.0,3.0225547309523333,179.0,136.0,48.943,4/1/2026,2461131.50002868,10.0,61131.0,
/home/ts34254/EMTG/missions/EVM/PEATSA_run/results/Iteration0/,TradeStudy_Case29.emtg,TradeStudy_Case29,1,1,1,1,0,0,0,1,61161.0,10.0,135.61049573781307,1.0821355236139627,8.55732150764445e-06,4.094761779858915,0.0,45.749786968677384,648.0,169.0,49.36004,5/1/2026,2461161.5,10.0,61161.0,
/home/ts34254/EMTG/missions/EVM/PEATSA_run/results/Iteration0/,TradeStudy_Case35.emtg,TradeStudy_Case35,1,1,1,1,0,0,0,1,61191.0,10.0,86.55526498744972,1.0821355236139631,8.96210978463508e-06,5.503851625192201,0.0,35.45459523879105,1469.0,83.0,50.0,5/31/2026,2461191.5,10.0,61191.0,
/home/ts34254/EMTG/missions/EVM/PEATSA_run/results/Iteration0/,TradeStudy_Case41.emtg,TradeStudy_Case41,1,1,1,1,0,0,0,1,61221.0,10.0,44.24515769969277,1.0821355236139634,9.68988496616395e-06,7.609552755607649,1.0,7.609923997231284,730.0,609.0,45.39564,6/30/2026,2461221.5,10.0,61221.0,
/home/ts34254/EMTG/missions/EVM/PEATSA_run/results/Iteration1/,TradeStudy_Case47_seeded_by_TradeStudy_Case41.emtg,TradeStudy_Case47_seeded_by_TradeStudy_Case41,1,1,1,1,0,1,1,1,61251.0,10.0,22.13367636036937,1.0821355236139631,9.95975373945237e-06,9.783131495675551,1.0,9.783490347576492,938.0,603.0,39.39024,7/30/2026,2461251.5,10.0,61251.0,
/home/ts34254/EMTG/missions/EVM/PEATSA_run/results/Iteration0/,TradeStudy_Case53.emtg,TradeStudy_Case53,1,1,1,1,0,0,0,1,61281.0,10.0,17.55862551536724,1.0821355236139634,9.5937158827726e-06,10.5097855730948,0.0,61.22282160032181,700.0,194.0,50.0,9/20/2026,2461304.44812946,10.0,61281.0,
/home/ts34254/EMTG/missions/EVM/PEATSA_run/results/Iteration0/,TradeStudy_Case59.emtg,TradeStudy_Case59,1,1,1,1,0,0,0,1,61311.0,10.0,20.514698546993316,1.0821355236139638,9.3517655844142e-06,10.021535971325982,1.0,11.43974010377542,138.0,84.0,34.29159,10/28/2026,2461341.5,10.0,61311.0,
/home/ts34254/EMTG/missions/EVM/PEATSA_run/results/Iteration1/,TradeStudy_Case65_seeded_by_TradeStudy_Case71.emtg,TradeStudy_Case65_seeded_by_TradeStudy_Case71,1,1,1,1,0,1,1,1,61341.0,10.0,40.888170536031566,1.0821355236139631,-7.54635696578577e-06,7.857179982891832,1.0,7.857465024270381,812.0,27.0,50.0,11/27/2026,2461371.5,10.0,61341.0,
/home/ts34254/EMTG/missions/EVM/PEATSA_run/results/Iteration1/,TradeStudy_Case71_seeded_by_TradeStudy_Case71.emtg,TradeStudy_Case71_seeded_by_TradeStudy_Case71,1,1,1,1,0,1,1,1,61371.0,10.0,52.09041877930838,1.0821355236139631,9.76776218992549e-06,7.097336017350571,1.0,7.097336017350571,372.0,1.0,50.0,12/18/2026,2461393.31812865,10.0,61371.0,
