Iteration,0,1,
Cases Created,72,72,
Cases Run,72,72,
Ran Unseeded,72,0,
Cases Finished,72,71,
Iteration Cases Converged,72,71,
PEATSA Cases Converged,72,72,
First Convergence this Iteration,72,0,
Improvement this Iteration,72,39,
Number of PEATSA Cases That Converged on First NLP Solve This Iteration,36.0,71.0,
Average Number of Solution Attempts for All Cases This Iteration,546.89,533.75,
Average Solution Attempt Number of Best Feasible Solution Among all Feasible Cases This Iteration,277.21,201.75,
Times Using Seed Before Improvement,72,6,