Xindex, Description, Lowerbound, Upperbound, ScaleFactor, Value
0,j0p0MGAnDSMsEphemerisPeggedLaunchDirectInsertion: event left state epoch,5302454400,5305046400,5022642.890479,5304339842.81
1,j0p0MGAnDSMsEphemerisPeggedLaunchDirectInsertion: magnitude of outgoing velocity asymptote,0,7.071067811865,29.78469183517,7.071067811865
2,j0p0MGAnDSMsEphemerisPeggedLaunchDirectInsertion: RA of departure asymptote,-50.26548245744,50.26548245744,6.28318530718,-44.53353064803
3,j0p0MGAnDSMsEphemerisPeggedLaunchDirectInsertion: DEC of departure asymptote,-1.570796326795,1.570796326795,6.28318530718,0.02309213891885
4,j0p0MGAnDSMs: phase flight time,3888001,34149600,5022642.890479,19213213.79501
5,j0p0MGAnDSMsEphemerisPeggedFlybyIn: event left state mass,1e-13,500,500,260.3264564688
6,j0p0MGAnDSMsEphemerisPeggedFlybyIn: V_infinity_x,-29.78469183517,29.78469183517,29.78469183517,6.310033165058
7,j0p0MGAnDSMsEphemerisPeggedFlybyIn: V_infinity_y,-29.78469183517,29.78469183517,29.78469183517,-4.358206996344
8,j0p0MGAnDSMsEphemerisPeggedFlybyIn: V_infinity_z,-29.78469183517,29.78469183517,29.78469183517,-1.732978206872
9,j0p0MGAnDSMs: virtual chemical fuel,0,500,500,124.5057368993
10,j0p0MGAnDSMs: virtual chemical oxidizer,0,500,500,115.1678066318
11,j0p0MGAnDSMsForwardSubPhase0: burn index,0.0001,0.9999,1,0.4420134998171
12,j0p0MGAnDSMsForwardSubPhase0: DSM x component,-10,10,10,-1.992071111572
13,j0p0MGAnDSMsForwardSubPhase0: DSM y component,-10,10,10,0.4762146633449
14,j0p0MGAnDSMsForwardSubPhase0: DSM z component,-10,10,10,-0.008508799001572
15,j0p0MGAnDSMsBackwardSubPhase0: burn index,0.0001,0.9999,1,0.557986500183
16,j0p1MGAnDSMsEphemerisPeggedUnpoweredFlyby: V_infinity_x,-29.78469183517,29.78469183517,29.78469183517,0.129518845538
17,j0p1MGAnDSMsEphemerisPeggedUnpoweredFlyby: V_infinity_y,-29.78469183517,29.78469183517,29.78469183517,-6.323504326669
18,j0p1MGAnDSMsEphemerisPeggedUnpoweredFlyby: V_infinity_z,-29.78469183517,29.78469183517,29.78469183517,-4.670138086941
19,j0p1MGAnDSMs: phase flight time,1296001,34149600,5022642.890479,14936386.20499
20,j0p1MGAnDSMsEphemerisPeggedOrbitInsertion: event left state mass,1e-13,500,500,176.1702293983
21,j0p1MGAnDSMsEphemerisPeggedOrbitInsertion: V_infinity_x,-29.78469183517,29.78469183517,29.78469183517,0.260720153135
22,j0p1MGAnDSMsEphemerisPeggedOrbitInsertion: V_infinity_y,-29.78469183517,29.78469183517,29.78469183517,-7.153321415371
23,j0p1MGAnDSMsEphemerisPeggedOrbitInsertion: V_infinity_z,-29.78469183517,29.78469183517,29.78469183517,-3.166046350963
24,j0p1MGAnDSMsEphemerisPeggedOrbitInsertion: virtual chemical fuel,0,500,500,64.45802246387
25,j0p1MGAnDSMsEphemerisPeggedOrbitInsertion: virtual chemical oxidizer,0,500,500,59.62367077899
26,j0p1MGAnDSMs: virtual chemical fuel,0,500,500,43.71752055617
27,j0p1MGAnDSMs: virtual chemical oxidizer,0,500,500,40.43870651446
28,j0p1MGAnDSMsForwardSubPhase0: burn index,0.0001,0.9999,1,0.1446692227826
29,j0p1MGAnDSMsForwardSubPhase0: DSM x component,-10,10,10,-0.3722022933058
30,j0p1MGAnDSMsForwardSubPhase0: DSM y component,-10,10,10,-1.155860516279
31,j0p1MGAnDSMsForwardSubPhase0: DSM z component,-10,10,10,-0.1644555412798
32,j0p1MGAnDSMsBackwardSubPhase0: burn index,0.0001,0.9999,1,0.8553307772175
Findex, Description, Lowerbound, Upperbound, Value
0,objective function,-1e+30,1e+30,7.097442118691
1,j0p0MGAnDSMsForwardSubPhase0: maneuver epoch relative to left boundary constraint,-999.85,0,-999.017071774
2,j0p0MGAnDSMsForwardSubPhase0: maneuver epoch relative to right boundary constraint,-999.7,0,-998.7591766293
3,j0p0MGAnDSMs: match point x,-1e-13,1e-13,-6.350827363992e-09
4,j0p0MGAnDSMs: match point y,-1e-13,1e-13,2.458632295743e-06
5,j0p0MGAnDSMs: match point z,-1e-13,1e-13,-1.673986139981e-07
6,j0p0MGAnDSMs: match point xdot,-1e-13,1e-13,-7.641284303064e-06
7,j0p0MGAnDSMs: match point ydot,-1e-13,1e-13,-8.409804356497e-07
8,j0p0MGAnDSMs: match point zdot,-1e-13,1e-13,-1.290209863488e-06
9,j0p0MGAnDSMs: match point mass,-1e-13,1e-13,8.557264405908e-06
10,j0p0MGAnDSMs: match point virtual chemical fuel,-1e-13,1e-13,-4.445332206956e-06
11,j0p0MGAnDSMs: match point virtual chemical oxidizer,-1e-13,1e-13,-4.111932299026e-06
12,j0p0MGAnDSMs: burn index sum constraint,-1e-13,1e-13,9.992007221626e-14
13,j0p1MGAnDSMsEphemerisPeggedUnpoweredFlyby: flyby v-infinity magnitude match,-1e-13,1e-13,-6.059805204636e-08
14,j0p1MGAnDSMsEphemerisPeggedUnpoweredFlyby: flyby altitude constraint (above minimum altitude but below [10x/300x] altitude for [rocky/gas] planets,-20,0,-2.169938706352e-08
15,j0p1MGAnDSMsEphemerisPeggedOrbitInsertion: virtual chemical fuel constraint,-1e-13,1e-13,-1.20071030949e-08
16,j0p1MGAnDSMsEphemerisPeggedOrbitInsertion: virtual chemical oxidizer constraint,-1e-13,1e-13,-1.110676292626e-08
17,j0p1MGAnDSMsEphemerisPeggedOrbitInsertion: ephemeris pegged orbit insertion Delta v,-100,0,-96.17617197476
18,j0p1MGAnDSMsForwardSubPhase0: maneuver epoch relative to left boundary constraint,-999.85,0,-999.7499033121
19,j0p1MGAnDSMs: match point x,-1e-13,1e-13,7.916320225553e-08
20,j0p1MGAnDSMs: match point y,-1e-13,1e-13,1.632076979856e-07
21,j0p1MGAnDSMs: match point z,-1e-13,1e-13,5.702656697146e-10
22,j0p1MGAnDSMs: match point xdot,-1e-13,1e-13,-4.921249772207e-07
23,j0p1MGAnDSMs: match point ydot,-1e-13,1e-13,2.578015737072e-07
24,j0p1MGAnDSMs: match point zdot,-1e-13,1e-13,2.468482240397e-07
25,j0p1MGAnDSMs: match point mass,-1e-13,1e-13,1.34873996501e-07
26,j0p1MGAnDSMs: match point virtual chemical fuel,-1e-13,1e-13,-7.006426163514e-08
27,j0p1MGAnDSMs: match point virtual chemical oxidizer,-1e-13,1e-13,-6.480943464737e-08
28,j0p1MGAnDSMs: burn index sum constraint,-1e-13,1e-13,1.001421168212e-13
29,j0: journey flight time bounds,-1,0,-1.110223024625e-16
30,Mission flight time bounds,0,1,1
